date,title,artist,peak_pos,last_week,weeks,rank,change,spotifyLink,spotifyID,videoLink,all_genre,main_genre
2019-01-12,Drunk Me,mitchell tenpenny,40,63,10,39,,,,,"[u'contemporary country', u'heartland rock']",[u'heartland rock']
2019-01-12,Dangerous,meek mill,47,89,8,46,,,,,"[u'hip hop', u'philly rap', u'pop rap', u'rap', u'southern hip hop', u'trap']",[u'trap']
2019-01-12,Solo de Mi,bad bunny,96,99,4,93,,,,,"[u'latin', u'reggaeton', u'trap latino']",[u'trap latino']
2019-01-12,whoa (mind in awe),xxxtentacion,6,94,14,96,,,,,"[u'emo rap', u'miami hip hop']",[u'miami hip hop']
2019-01-12,All My Friends,21 savage,28,-,15,97,,,,,"[u'atl hip hop', u'pop rap', u'rap', u'trap']",[u'trap']
2019-01-19,Last Shot,kip moore,62,62,8,60,,,,,"[u'contemporary country', u'country', u'country road', u'modern country rock']",[u'modern country rock']
2019-01-19,Smile (Living My Best Life),lil' duval,80,87,2,78,,,,,[u'hip hop'],[u'hip hop']
2019-01-19,Lost In Japan,shawn mendes,88,91,2,84,,,,,"[u'canadian pop', u'pop', u'post-teen pop', u'viral pop']",[u'viral pop']
2019-01-19,Monster,21 savage,60,89,5,90,,,,,"[u'atl hip hop', u'pop rap', u'rap', u'trap']",[u'trap']
2019-01-19,Demons And Angels,a boogie wit da hoodie,63,88,8,95,,,,,"[u'melodic rap', u'pop rap', u'rap', u'trap']",[u'trap']
2019-01-19,KIKA,6ix9ine,6,94,14,96,,,,,"[u'emo rap', u'trap']",[u'trap']
2019-01-19,Dip,tyga,NA,,NA,99,,,,,"[u'pop rap', u'rap', u'trap']",[u'trap']
2019-01-19,Lucky You,eminem,NA,,NA,100,,,,,"[u'detroit hip hop', u'g funk', u'hip hop', u'rap']",[u'rap']
2019-01-26,She Got The Best Of Me ,luke combs,40,49,6,38,,,,,[u'contemporary country'],[u'contemporary country']
2019-01-26,Fine China,future,81,81,2,83,,,,,"[u'atl hip hop', u'hip hop', u'pop rap', u'rap', u'southern hip hop', u'trap']",[u'trap']
2019-01-26,Nuketown,ski mask the slump god,87,87,2,84,,,,,"[u'miami hip hop', u'rap', u'trap', u'underground hip hop']",[u'underground hip hop']
2019-01-26,Space Cadet,metro boomin,60,94,6,88,,,,,"[u'hip hop', u'pop rap', u'rap', u'southern hip hop', u'trap']",[u'trap']
2019-01-26,Butterfly Doors,lil pump,88,88,3,89,,,,,"[u'emo rap', u'miami hip hop', u'rap', u'trap']",[u'trap']
2019-01-26,Valuable Pain,youngboy never broke again,96,98,3,90,,,,,"[u'baton rouge rap', u'trap']",[u'trap']
2019-01-26,Can't Leave Without It,21 savage,92,92,3,93,,,,,"[u'atl hip hop', u'pop rap', u'rap', u'trap']",[u'trap']
2019-01-26,Good Form,nicki minaj,96,-,6,94,,,,,"[u'dance pop', u'hip pop', u'pop', u'pop rap', u'post-teen pop', u'queens hip hop', u'rap']",[u'rap']
2019-01-26,idontwannabeyouanymore,billie eilish,98,98,2,96,,,,,"[u'electropop', u'pop']",[u'pop']
2019-02-02,Natural,imagine dragons,43,50,8,50,,,,,[u'modern rock'],[u'modern rock']
2019-02-02,Jumpin On A Jet,future,61,66,12,57,,,,,"[u'atl hip hop', u'hip hop', u'pop rap', u'rap', u'southern hip hop', u'trap']",[u'trap']
2019-02-02,Never Stop,future,51,60,12,65,,,,,"[u'atl hip hop', u'hip hop', u'pop rap', u'rap', u'southern hip hop', u'trap']",[u'trap']
2019-02-02,Consequences,camila cabello,64,64,13,72,,,,,"[u'dance pop', u'pop', u'post-teen pop']",[u'post-teen pop']
2019-02-02,Temptation,future,52,74,14,76,,,,,"[u'atl hip hop', u'hip hop', u'pop rap', u'rap', u'southern hip hop', u'trap']",[u'trap']
2019-02-02,Rocket Ship,future,62,68,10,79,,,,,"[u'atl hip hop', u'hip hop', u'pop rap', u'rap', u'southern hip hop', u'trap']",[u'trap']
2019-02-02,F&N,future,87,87,4,83,,,,,"[u'atl hip hop', u'hip hop', u'pop rap', u'rap', u'southern hip hop', u'trap']",[u'trap']
2019-02-02,Electricity,silk city,88,-,4,90,,,,,"[u'edm', u'house', u'tropical house']",[u'tropical house']
2019-02-02,Face My Fears,hikaru utada,91,-,2,98,,,,,"[u'j-pop', u'japanese singer-songwriter']",[u'japanese singer-songwriter']
2019-02-02,Call The Coroner,future,NA,,NA,100,,,,,"[u'atl hip hop', u'hip hop', u'pop rap', u'rap', u'southern hip hop', u'trap']",[u'trap']
2019-02-09,Best Shot,jimmie allen,37,60,20,55,,,,,"[u'contemporary country', u'country pop']",[u'country pop']
2019-02-09,Sauce!,xxxtentacion,92,-,4,89,,,,,"[u'emo rap', u'miami hip hop']",[u'miami hip hop']
2019-02-09,BAD!,xxxtentacion,28,-,15,97,,,,,"[u'emo rap', u'miami hip hop']",[u'miami hip hop']
2019-02-09,Blue Tacoma,russell dickerson,NA,,NA,99,,,,,"[u'contemporary country', u'country', u'country road', u'modern country rock']",[u'modern country rock']
2019-02-16,Alone,marshmello,28,-,11,28,,,,,"[u'brostep', u'progressive electro house']",[u'progressive electro house']
2019-02-16,Breathin,ariana grande,12,25,25,35,,,,,"[u'dance pop', u'pop', u'post-teen pop']",[u'post-teen pop']
2019-02-16,Trip,ella mai,11,35,27,38,,,,,"[u'pop', u'pop rap', u'post-teen pop', u'r&b', u'rap', u'uk contemporary r&b', u'urban contemporary']",[u'urban contemporary']
2019-02-16,Love Lies,khalid,9,37,51,41,,,,,"[u'alternative r&b', u'pop']",[u'pop']
2019-02-16,Beautiful,bazzi,26,33,27,47,,,,,"[u'pop', u'post-teen pop']",[u'post-teen pop']
2019-02-16,First Off,future,80,87,6,80,,,,,"[u'atl hip hop', u'hip hop', u'pop rap', u'rap', u'southern hip hop', u'trap']",[u'trap']
2019-02-16,Roses,benny blanco,88,96,5,88,,,,,"[u'pop', u'pop rap', u'tropical house']",[u'tropical house']
2019-02-16,Keanu Reeves,logic,47,66,20,91,,,,,"[u'conscious hip hop', u'dmv rap', u'hip hop', u'pop rap', u'rap']",[u'rap']
2019-02-16,No Stylist,french montana,92,95,5,92,,,,,"[u'hip hop', u'pop rap', u'rap', u'southern hip hop', u'trap']",[u'trap']
2019-02-16,Crushed Up,future,28,-,15,97,,,,,"[u'atl hip hop', u'hip hop', u'pop rap', u'rap', u'southern hip hop', u'trap']",[u'trap']
2019-02-23,Uproar,lil wayne,84,87,7,73,,,,,"[u'hip hop', u'new orleans rap', u'pop rap', u'rap', u'trap']",[u'trap']
2019-02-23,Burning Man,dierks bentley,83,84,7,76,,,,,"[u'contemporary country', u'country', u'country road', u'modern country rock']",[u'modern country rock']
2019-02-23,You,jacquees,28,79,16,77,,,,,"[u'atl hip hop', u'deep pop r&b', u'pop', u'pop rap', u'r&b', u'rap', u'trap', u'urban contemporary']",[u'urban contemporary']
2019-02-23,Ruin My Life,zara larsson,90,90,4,86,,,,,"[u'dance pop', u'edm', u'pop', u'post-teen pop', u'scandipop', u'swedish electropop', u'swedish pop', u'tropical house']",[u'tropical house']
2019-02-23,Talk To Me,tory lanez,77,77,2,96,,,,,"[u'canadian hip hop', u'hip hop', u'melodic rap', u'pop rap', u'rap', u'southern hip hop', u'toronto rap', u'trap']",[u'trap']
2019-02-23,Rainbow,kacey musgraves,NA,,NA,98,,,,,"[u'contemporary country', u'country dawn', u'pop', u'texas country']",[u'texas country']
2019-03-02,Fake Smile,ariana grande,60,93,5,57,,,,,"[u'dance pop', u'pop', u'post-teen pop']",[u'post-teen pop']
2019-03-02,Lost In The Fire,gesaffelstein,50,57,19,61,,,,,[u'destroy techno'],[u'destroy techno']
2019-03-02,Ghostin,ariana grande,35,63,7,62,,,,,"[u'dance pop', u'pop', u'post-teen pop']",[u'post-teen pop']
2019-03-02,Sixteen,thomas rhett,69,89,6,69,,,,,"[u'contemporary country', u'country', u'country road', u'modern country rock']",[u'modern country rock']
2019-03-02,In My Head,ariana grande,74,79,8,74,,,,,"[u'dance pop', u'pop', u'post-teen pop']",[u'post-teen pop']
2019-03-02,Body,loud luxury,25,90,18,82,,,,,"[u'dance pop', u'edm', u'house', u'pop', u'tropical house']",[u'tropical house']
2019-03-02,365,zedd,79,94,5,86,,,,,"[u'complextro', u'dance pop', u'edm', u'electro house', u'german techno', u'pop', u'post-teen pop', u'tropical house']",[u'tropical house']
2019-03-02,Yosemite,travis scott,44,83,15,89,,,,,[u'rap'],[u'rap']
2019-03-02,Make Up,ariana grande,64,93,20,95,,,,,"[u'dance pop', u'pop', u'post-teen pop']",[u'post-teen pop']
2019-03-02,Good Girl,dustin lynch,83,-,9,97,,,,,"[u'contemporary country', u'country', u'country road', u'modern country rock']",[u'modern country rock']
2019-03-02,Arms Around You,xxxtentacion,NA,,NA,98,,,,,"[u'emo rap', u'miami hip hop']",[u'miami hip hop']
2019-03-02,Startender,a boogie wit da hoodie,NA,,NA,99,,,,,"[u'melodic rap', u'pop rap', u'rap', u'trap']",[u'trap']
2019-03-09,Backin' It Up,pardison fontaine,40,47,20,48,,,,,"[u'nyc rap', u'rap']",[u'rap']
2019-03-09,Legacy,offset,49,49,2,49,,,,,"[u'atl hip hop', u'hip hop', u'pop rap', u'rap', u'southern hip hop', u'trap']",[u'trap']
2019-03-09,I'll Never Love Again,lady gaga,56,85,3,62,,,,,"[u'dance pop', u'pop']",[u'pop']
2019-03-09,How Did I Get Here,offset,69,83,8,65,,,,,"[u'atl hip hop', u'hip hop', u'pop rap', u'rap', u'southern hip hop', u'trap']",[u'trap']
2019-03-09,NASA,ariana grande,61,78,17,68,,,,,"[u'dance pop', u'pop', u'post-teen pop']",[u'post-teen pop']
2019-03-09,Outstanding,gunna,56,-,2,70,,,,,"[u'atl hip hop', u'hip hop', u'melodic rap', u'rap', u'trap']",[u'trap']
2019-03-09,Be Like Me,lil pump,74,77,9,72,,,,,"[u'emo rap', u'miami hip hop', u'rap', u'trap']",[u'trap']
2019-03-09,3 Headed Snake,gunna,81,81,4,74,,,,,"[u'atl hip hop', u'hip hop', u'melodic rap', u'rap', u'trap']",[u'trap']
2019-03-09,Wit It,gunna,46,68,13,75,,,,,"[u'atl hip hop', u'hip hop', u'melodic rap', u'rap', u'trap']",[u'trap']
2019-03-09,This Feeling,the chainsmokers,21,58,8,77,,,,,"[u'electropop', u'pop', u'tropical house']",[u'tropical house']
2019-03-09,One Call,gunna,84,84,2,78,,,,,"[u'atl hip hop', u'hip hop', u'melodic rap', u'rap', u'trap']",[u'trap']
2019-03-09,Nothing Breaks Like A Heart,mark ronson,80,80,2,84,,,,,"[u'dance pop', u'pop']",[u'pop']
2019-03-09,Imagine,ariana grande,84,96,9,85,,,,,"[u'dance pop', u'pop', u'post-teen pop']",[u'post-teen pop']
2019-03-09,Lick,offset,80,98,3,86,,,,,"[u'atl hip hop', u'hip hop', u'pop rap', u'rap', u'southern hip hop', u'trap']",[u'trap']
2019-03-09,Bad Idea,ariana grande,41,64,9,90,,,,,"[u'dance pop', u'pop', u'post-teen pop']",[u'post-teen pop']
2019-03-09,Speed It Up,gunna,80,98,5,91,,,,,"[u'atl hip hop', u'hip hop', u'melodic rap', u'rap', u'trap']",[u'trap']
2019-03-09,Bloodline,ariana grande,91,-,6,93,,,,,"[u'dance pop', u'pop', u'post-teen pop']",[u'post-teen pop']
2019-03-09,I Guess I Just Feel Like,john mayer,79,-,6,94,,,,,"[u'neo mellow', u'pop', u'pop rock', u'singer-songwriter']",[u'singer-songwriter']
2019-03-09,Same Yung N***a,gunna,83,-,9,97,,,,,"[u'atl hip hop', u'hip hop', u'melodic rap', u'rap', u'trap']",[u'trap']
2019-03-16,Leave Me Alone,flipp dinero,6,43,28,45,,,,,"[u'melodic rap', u'pop rap', u'rap', u'southern hip hop', u'trap', u'underground hip hop', u'vapor trap']",[u'vapor trap']
2019-03-16,Mo Bamba,sheck wes,44,55,4,47,,,,,"[u'rap', u'trap', u'underground hip hop', u'vapor trap']",[u'vapor trap']
2019-03-16,Burn Out,midland,61,76,18,63,,,,,"[u'contemporary country', u'neo-traditional country', u'texas country']",[u'texas country']
2019-03-16,Red Room,offset,46,83,14,73,,,,,"[u'atl hip hop', u'hip hop', u'pop rap', u'rap', u'southern hip hop', u'trap']",[u'trap']
2019-03-16,Whip,2 chainz,44,79,17,75,,,,,"[u'atl hip hop', u'gangster rap', u'hip hop', u'pop rap', u'rap', u'southern hip hop', u'trap']",[u'trap']
2019-03-16,Armed And Dangerous,juice wrld,64,-,18,82,,,,,"[u'chicago rap', u'melodic rap']",[u'melodic rap']
2019-03-16,Needy,ariana grande,68,89,7,92,,,,,"[u'dance pop', u'pop', u'post-teen pop']",[u'post-teen pop']
2019-03-16,Love Someone,lukas graham,77,77,2,96,,,,,"[u'danish pop', u'pop', u'scandipop']",[u'scandipop']
2019-03-16,Momma I Hit A Lick,2 chainz,NA,,NA,100,,,,,"[u'atl hip hop', u'gangster rap', u'hip hop', u'pop rap', u'rap', u'southern hip hop', u'trap']",[u'trap']
2019-03-23,Wake Up In The Sky,gucci mane,29,46,10,48,,,,,"[u'atl hip hop', u'dirty south rap', u'hip hop', u'pop rap', u'rap', u'southern hip hop', u'trap']",[u'trap']
2019-03-23,Maze,juice wrld,46,61,16,65,,,,,"[u'chicago rap', u'melodic rap']",[u'melodic rap']
2019-03-23,What Makes You Country,luke bryan,41,64,9,90,,,,,"[u'contemporary country', u'country', u'country road']",[u'country road']
2019-03-23,Flaws And Sins,juice wrld,80,98,5,91,,,,,"[u'chicago rap', u'melodic rap']",[u'melodic rap']
2019-03-23,Nights Like This,kehlani,64,93,20,95,,,,,"[u'alternative r&b', u'dance pop', u'pop', u'pop rap', u'post-teen pop', u'r&b', u'rap', u'urban contemporary']",[u'urban contemporary']
2019-03-23,Always Remember Us This Way,lady gaga,NA,,NA,100,,,,,"[u'dance pop', u'pop']",[u'pop']
2019-03-30,Sally Walker,iggy azalea,42,55,15,62,,,,,"[u'australian hip hop', u'dance pop', u'hip pop', u'pop', u'pop rap', u'post-teen pop']",[u'post-teen pop']
2019-03-30,Ella Quiere Beber,anuel aa,85,86,5,83,,,,,"[u'latin', u'reggaeton flow', u'trap latino']",[u'trap latino']
2019-03-30,Fast,juice wrld,88,88,2,86,,,,,"[u'chicago rap', u'melodic rap']",[u'melodic rap']
2019-03-30,Slow Dancing In The Dark,joji,77,77,2,96,,,,,"[u'alternative r&b', u'pop', u'viral pop']",[u'viral pop']
2019-04-06,I Like It,"cardi b, bad bunny",1,44,51,45,,,,,,unknown
2019-04-06,Lucid Dreams,juice wrld,2,40,46,47,,,,,"[u'chicago rap', u'melodic rap']",[u'melodic rap']
2019-04-06,Taki Taki,dj snake,11,42,26,48,,,,,[u'electronic trap'],[u'electronic trap']
2019-04-06,Down To The Honkytonk,jake owen,65,81,13,65,,,,,"[u'contemporary country', u'country', u'country road', u'modern country rock']",[u'modern country rock']
2019-04-06,Price On My Head,nav,57,70,8,72,,,,,"[u'canadian hip hop', u'melodic rap', u'pop rap', u'rap', u'toronto rap', u'trap']",[u'trap']
2019-04-06,Confessions Of A Dangerous Mind,logic,80,-,5,78,,,,,"[u'conscious hip hop', u'dmv rap', u'hip hop', u'pop rap', u'rap']",[u'rap']
2019-04-06,Take It From Me,jordan davis,81,85,6,79,,,,,[u'contemporary country'],[u'contemporary country']
2019-04-06,Splashin,rich the kid,39,71,4,80,,,,,"[u'atl hip hop', u'hip hop', u'melodic rap', u'pop rap', u'rap', u'southern hip hop', u'trap']",[u'trap']
2019-04-06,I,lil skies,59,87,4,82,,,,,"[u'melodic rap', u'rap', u'trap']",[u'trap']
2019-04-06,Hear Me Calling,juice wrld,80,93,6,86,,,,,"[u'chicago rap', u'melodic rap']",[u'melodic rap']
2019-04-06,Undecided,chris brown,46,92,17,91,,,,,"[u'dance pop', u'pop', u'pop rap', u'r&b', u'rap']",[u'rap']
2019-04-06,Calling My Spirit,kodak black,83,100,10,94,,,,,"[u'florida rap', u'hip hop', u'melodic rap', u'miami hip hop', u'pop rap', u'rap', u'southern hip hop', u'trap']",[u'trap']
2019-04-06,Last Hurrah,bebe rexha,NA,,NA,98,,,,,"[u'dance pop', u'pop', u'post-teen pop']",[u'post-teen pop']
2019-04-06,Empty,juice wrld,NA,,NA,99,,,,,"[u'chicago rap', u'melodic rap']",[u'melodic rap']
2019-04-06,Love Wins,carrie underwood,NA,,NA,100,,,,,"[u'contemporary country', u'country', u'country dawn', u'dance pop', u'oklahoma country', u'pop', u'post-teen pop']",[u'post-teen pop']
2019-04-13,ZEZE,kodak black,53,53,4,49,,,,,"[u'florida rap', u'hip hop', u'melodic rap', u'miami hip hop', u'pop rap', u'rap', u'southern hip hop', u'trap']",[u'trap']
2019-04-13,I Love You,billie eilish,55,55,7,53,,,,,"[u'electropop', u'pop']",[u'pop']
2019-04-13,Ilomilo,billie eilish,73,74,14,62,,,,,"[u'electropop', u'pop']",[u'pop']
2019-04-13,Listen Before I Go,billie eilish,52,69,5,63,,,,,"[u'electropop', u'pop']",[u'pop']
2019-04-13,8,billie eilish,94,-,7,79,,,,,"[u'electropop', u'pop']",[u'pop']
2019-04-13,Twerk,city girls,46,76,19,83,,,,,"[u'pop', u'pop rap', u'trap queen']",[u'trap queen']
2019-04-13,Lovely,billie eilish,95,95,2,85,,,,,"[u'electropop', u'pop']",[u'pop']
2019-04-13,I Can't Get Enough,"benny blanco, tainy, selena gomez",79,-,7,91,,,,,,unknown
2019-04-13,Millionaire,chris stapleton,NA,,NA,95,,,,,"[u'contemporary country', u'outlaw country']",[u'outlaw country']
2019-04-13,Girl Like You,jason aldean,NA,,NA,98,,,,,"[u'contemporary country', u'country', u'country road']",[u'country road']
2019-04-20,My Bad,khalid,57,81,10,55,,,,,"[u'alternative r&b', u'pop']",[u'pop']
2019-04-20,Outta My Head,khalid,55,60,8,58,,,,,"[u'alternative r&b', u'pop']",[u'pop']
2019-04-20,Monopoly,ariana grande,62,72,11,69,,,,,"[u'dance pop', u'pop', u'post-teen pop']",[u'post-teen pop']
2019-04-20,Don't Pretend,khalid,89,100,3,84,,,,,"[u'alternative r&b', u'pop']",[u'pop']
2019-04-20,Bad Luck,khalid,46,46,2,87,,,,,"[u'alternative r&b', u'pop']",[u'pop']
2019-04-20,All The Good Girls Go To Hell,billie eilish,91,-,8,92,,,,,"[u'electropop', u'pop']",[u'pop']
2019-04-20,Right Back,khalid,35,90,4,93,,,,,"[u'alternative r&b', u'pop']",[u'pop']
2019-04-20,Inmortal,aventura,NA,,NA,95,,,,,"[u'bachata', u'latin', u'latin hip hop', u'latin pop', u'tropical']",[u'tropical']
2019-04-20,Dedication,nipsey hussle,NA,,NA,97,,,,,"[u'conscious hip hop', u'gangster rap', u'hip hop', u'pop rap', u'rap', u'southern hip hop', u'trap']",[u'trap']
2019-04-20,Victory Lap,nipsey hussle,NA,,NA,100,,,,,"[u'conscious hip hop', u'gangster rap', u'hip hop', u'pop rap', u'rap', u'southern hip hop', u'trap']",[u'trap']
2019-04-27,MIA,bad bunny,7,43,46,45,,,,,"[u'latin', u'reggaeton', u'trap latino']",[u'trap latino']
2019-04-27,Tequila,dan + shay,51,63,3,49,,,,,"[u'contemporary country', u'pop']",[u'pop']
2019-04-27,Money,cardi b,52,54,10,50,,,,,"[u'pop', u'pop rap', u'rap']",[u'rap']
2019-04-27,Blue On Black,five finger death punch,70,79,9,66,,,,,"[u'alternative metal', u'groove metal', u'nu metal', u'post-grunge']",[u'post-grunge']
2019-04-27,Double Up,nipsey hussle,43,71,3,82,,,,,"[u'conscious hip hop', u'gangster rap', u'hip hop', u'pop rap', u'rap', u'southern hip hop', u'trap']",[u'trap']
2019-04-27,Undrunk,fletcher,87,91,8,83,,,,,"[u'dance pop', u'electropop', u'indie poptimism', u'pop', u'pop rap', u'post-teen pop', u'uk pop']",[u'uk pop']
2019-04-27,Last Time That I Checc'd,nipsey hussle,91,-,8,92,,,,,"[u'conscious hip hop', u'gangster rap', u'hip hop', u'pop rap', u'rap', u'southern hip hop', u'trap']",[u'trap']
2019-04-27,Make It Right,bts,NA,,NA,95,,,,,"[u'k-pop', u'k-pop boy group']",[u'k-pop boy group']
2019-04-27,There Was This Girl,riley green,NA,,NA,98,,,,,"[u'contemporary country', u'country road']",[u'country road']
2019-05-04,Better Now,post malone,43,46,4,42,,,,,"[u'dfw rap', u'melodic rap', u'rap']",[u'rap']
2019-05-04,Bad Liar,imagine dragons,68,68,2,85,,,,,[u'modern rock'],[u'modern rock']
2019-05-04,Slide,french montana,42,97,20,90,,,,,"[u'hip hop', u'pop rap', u'rap', u'southern hip hop', u'trap']",[u'trap']
2019-05-04,Saturday Nights,khalid,43,88,4,91,,,,,"[u'alternative r&b', u'pop']",[u'pop']
2019-05-04,Pure Cocaine,lil baby,79,99,9,92,,,,,"[u'atl hip hop', u'atl trap', u'pop rap', u'rap', u'trap']",[u'trap']
2019-05-04,This Is It,scotty mccreery,67,87,9,94,,,,,"[u'contemporary country', u'country', u'country road', u'modern country rock']",[u'modern country rock']
2019-05-04,My Strange Addiction,billie eilish,NA,,NA,95,,,,,"[u'electropop', u'pop']",[u'pop']
2019-05-04,Let Me Down Slowly,alec benjamin,NA,,NA,97,,,,,[u'pop'],[u'pop']
2019-05-04,Xanny,billie eilish,NA,,NA,98,,,,,"[u'electropop', u'pop']",[u'pop']
2019-05-04,One That Got Away,michael ray,NA,,NA,99,,,,,"[u'contemporary country', u'country pop', u'country road', u'modern country rock']",[u'modern country rock']
2019-05-11,Youngblood,5 seconds of summer,7,50,48,50,,,,,"[u'boy band', u'dance pop', u'pop', u'post-teen pop']",[u'post-teen pop']
2019-05-11,Floating,schoolboy q,27,66,11,67,,,,,"[u'hip hop', u'pop rap', u'rap', u'southern hip hop', u'trap', u'underground hip hop']",[u'underground hip hop']
2019-05-11,CHopstix,schoolboy q + travis scott,84,84,11,85,,,,,,unknown
2019-05-11,Light It Up,"marshmello, tyga",54,-,4,90,,,,,,unknown
2019-05-11,Numb Numb Juice,schoolboy q,NA,,NA,95,,,,,"[u'hip hop', u'pop rap', u'rap', u'southern hip hop', u'trap', u'underground hip hop']",[u'underground hip hop']
2019-05-11,Love Me Anyway,p!nk,NA,,NA,96,,,,,"[u'dance pop', u'pop', u'post-teen pop']",[u'post-teen pop']
2019-05-11,Stop Snitching,yg,NA,,NA,98,,,,,"[u'cali rap', u'hip hop', u'pop rap', u'rap', u'southern hip hop', u'trap']",[u'trap']
2019-05-11,Kill This Love,blackpink,NA,,NA,100,,,,,"[u'k-pop', u'k-pop girl group']",[u'k-pop girl group']
2019-05-18,Close To Me,ellie goulding,29,43,43,43,,,,,"[u'dance pop', u'edm', u'metropopolis', u'pop', u'post-teen pop', u'tropical house', u'uk pop']",[u'uk pop']
2019-05-18,You Say,lauren daigle,28,42,4,45,,,,,"[u'ccm', u'christian music', u'worship']",[u'worship']
2019-05-18,Swervin,a boogie wit da hoodie,42,54,18,63,,,,,"[u'melodic rap', u'pop rap', u'rap', u'trap']",[u'trap']
2019-05-18,Power Is Power,"sza, the weeknd",68,89,11,90,,,,,,unknown
2019-05-18,Middle Child,pnb rock,87,93,11,91,,,,,"[u'melodic rap', u'pop rap', u'rap', u'trap']",[u'trap']
2019-05-18,I've Been Waiting,lil peep,NA,,NA,95,,,,,"[u'emo rap', u'lgbtq+ hip hop']",[u'lgbtq+ hip hop']
2019-05-18,Secreto,anuel aa,NA,,NA,97,,,,,"[u'latin', u'reggaeton flow', u'trap latino']",[u'trap latino']
2019-05-18,Faucet Failure,ski mask the slump god,NA,,NA,100,,,,,"[u'miami hip hop', u'rap', u'trap', u'underground hip hop']",[u'underground hip hop']
2019-05-25,Be Alright,dean lewis,38,38,13,44,,,,,"[u'australian pop', u'pop']",[u'pop']
2019-05-25,Drip Too Hard,lil baby,14,46,16,46,,,,,"[u'atl hip hop', u'atl trap', u'pop rap', u'rap', u'trap']",[u'trap']
2019-05-25,"Thank U, Next",ariana grande,50,60,5,49,,,,,"[u'dance pop', u'pop', u'post-teen pop']",[u'post-teen pop']
2019-05-25,Baby Shark,pinkfong,28,47,5,57,,,,,"[u'cartoon', u""children's music""]","[u""children's music""]"
2019-05-25,Make It Sweet,old dominion,83,84,3,80,,,,,"[u'contemporary country', u'country road']",[u'country road']
2019-05-25,Shot Clock,ella mai,41,86,8,88,,,,,"[u'pop', u'pop rap', u'post-teen pop', u'r&b', u'rap', u'uk contemporary r&b', u'urban contemporary']",[u'urban contemporary']
2019-05-25,I'm So Tired...,lauv,93,96,2,89,,,,,[u'pop'],[u'pop']
2019-05-25,You Should See Me In A Crown,billie eilish,76,83,5,92,,,,,"[u'electropop', u'pop']",[u'pop']
2019-05-25,SOS,avicii,99,99,2,94,,,,,"[u'big room', u'edm', u'pop']",[u'pop']
2019-05-25,Wish You Were Gay,billie eilish,NA,,NA,96,,,,,"[u'electropop', u'pop']",[u'pop']
2019-05-25,That's A Rack,lil uzi vert,NA,,NA,97,,,,,"[u'melodic rap', u'philly rap', u'pop rap', u'rap', u'trap']",[u'trap']
2019-05-25,Rule The World,2 chainz,NA,,NA,98,,,,,"[u'atl hip hop', u'gangster rap', u'hip hop', u'pop rap', u'rap', u'southern hip hop', u'trap']",[u'trap']
2019-05-25,Die Young,roddy ricch,NA,,NA,99,,,,,"[u'melodic rap', u'rap', u'trap']",[u'trap']
2019-06-01,Girls Like You,maroon 5,31,35,23,35,,,,,"[u'pop', u'pop rock']",[u'pop rock']
2019-06-01,I Think,"tyler, the creator",59,63,16,51,,,,,"[u'hip hop', u'rap']",[u'rap']
2019-06-01,Celebrate,dj khaled,14,52,18,52,,,,,"[u'dance pop', u'hip hop', u'miami hip hop', u'pop', u'pop rap', u'rap', u'southern hip hop', u'trap']",[u'trap']
2019-06-01,Jealous,dj khaled,27,64,7,57,,,,,"[u'dance pop', u'hip hop', u'miami hip hop', u'pop', u'pop rap', u'rap', u'southern hip hop', u'trap']",[u'trap']
2019-06-01,Running Out Of Time,"tyler, the creator",17,69,5,65,,,,,"[u'hip hop', u'rap']",[u'rap']
2019-06-01,Igor's Theme,"tyler, the creator",80,85,2,67,,,,,"[u'hip hop', u'rap']",[u'rap']
2019-06-01,New Magic Wand,"tyler, the creator",78,78,5,70,,,,,"[u'hip hop', u'rap']",[u'rap']
2019-06-01,A Boy Is A Gun,"tyler, the creator",56,68,14,74,,,,,"[u'hip hop', u'rap']",[u'rap']
2019-06-01,What's Good,"tyler, the creator",66,79,10,85,,,,,"[u'hip hop', u'rap']",[u'rap']
2019-06-01,What If I Never Get Over You,lady antebellum,17,78,6,86,,,,,"[u'contemporary country', u'country', u'country dawn', u'country pop', u'country road']",[u'country road']
2019-06-01,Puppet,"tyler, the creator",93,-,2,88,,,,,"[u'hip hop', u'rap']",[u'rap']
2019-06-01,Weather The Storm,dj khaled,91,-,3,91,,,,,"[u'dance pop', u'hip hop', u'miami hip hop', u'pop', u'pop rap', u'rap', u'southern hip hop', u'trap']",[u'trap']
2019-06-01,Here Tonight,brett young,NA,,NA,98,,,,,[u'contemporary country'],[u'contemporary country']
2019-06-08,A Lot,21 savage,52,60,17,49,,,,,"[u'atl hip hop', u'pop rap', u'rap', u'trap']",[u'trap']
2019-06-08,Thotiana,blueface,53,92,4,50,,,,,"[u'cali rap', u'trap']",[u'trap']
2019-06-08,Higher,dj khaled,26,75,9,77,,,,,"[u'dance pop', u'hip hop', u'miami hip hop', u'pop', u'pop rap', u'rap', u'southern hip hop', u'trap']",[u'trap']
2019-06-08,Who Do You Love,the chainsmokers,95,100,3,89,,,,,"[u'electropop', u'pop', u'tropical house']",[u'tropical house']
2019-06-08,Don't Call Me Up,mabel,42,-,18,90,,,,,"[u'dance pop', u'pop', u'post-teen pop', u'tropical house', u'uk pop']",[u'uk pop']
2019-06-08,Earth,lil dicky,91,-,3,91,,,,,"[u'pop rap', u'rap']",[u'rap']
2019-06-08,Juice,lizzo,84,86,19,93,,,,,"[u'escape room', u'minnesota hip hop', u'pop', u'pop rap', u'trap queen']",[u'trap queen']
2019-06-08,HP,maluma,NA,,NA,96,,,,,"[u'latin', u'reggaeton']",[u'reggaeton']
2019-06-08,Mixed Personalities,ynw melly,NA,,NA,98,,,,,"[u'melodic rap', u'rap', u'trap']",[u'trap']
2019-06-08,Paradise,bazzi,NA,,NA,99,,,,,"[u'pop', u'post-teen pop']",[u'post-teen pop']
2019-06-08,Triggered,jhene aiko,NA,,NA,100,,,,,"[u'alternative r&b', u'pop', u'pop rap', u'r&b', u'urban contemporary']",[u'urban contemporary']
2019-06-15,Murder On My Mind,ynw melly,73,73,4,69,,,,,"[u'melodic rap', u'rap', u'trap']",[u'trap']
2019-06-15,The Search,nf,75,83,5,70,,,,,"[u'hip hop', u'pop rap', u'rap']",[u'rap']
2019-06-15,Isis,joyner lucas,44,67,3,79,,,,,"[u'boston hip hop', u'hip hop', u'pop rap', u'rap']",[u'rap']
2019-06-15,Boy With Luv,bts,69,97,8,90,,,,,"[u'k-pop', u'k-pop boy group']",[u'k-pop boy group']
2019-06-15,Shut Up About Politics,john rich,27,96,18,91,,,,,[u'country road'],[u'country road']
2019-06-15,Under Enemy Arms,trippie redd,91,-,4,94,,,,,"[u'melodic rap', u'rap', u'trap']",[u'trap']
2019-06-15,Night Shift,jon pardi,NA,,NA,100,,,,,"[u'contemporary country', u'country', u'country road', u'modern country rock']",[u'modern country rock']
2019-06-22,Beautiful Crazy,luke combs,36,41,16,45,,,,,[u'contemporary country'],[u'contemporary country']
2019-06-22,Close Friends,lil baby,34,46,3,48,,,,,"[u'atl hip hop', u'atl trap', u'pop rap', u'rap', u'trap']",[u'trap']
2019-06-22,Bury A Friend,billie eilish,59,61,15,58,,,,,"[u'electropop', u'pop']",[u'pop']
2019-06-22,Even Though I'm Leaving,luke combs,37,66,16,62,,,,,[u'contemporary country'],[u'contemporary country']
2019-06-22,Put A Date On It,yo gotti,67,67,2,79,,,,,"[u'dirty south rap', u'gangster rap', u'hip hop', u'memphis hip hop', u'pop rap', u'rap', u'southern hip hop', u'trap']",[u'trap']
2019-06-22,Heaven,avicii,89,99,2,83,,,,,"[u'big room', u'edm', u'pop']",[u'pop']
2019-06-22,Please Tell Me,future,92,92,2,87,,,,,"[u'atl hip hop', u'hip hop', u'pop rap', u'rap', u'southern hip hop', u'trap']",[u'trap']
2019-06-22,On My Way To You,cody johnson,27,87,17,88,,,,,"[u'contemporary country', u'country road', u'modern country rock', u'texas country']",[u'texas country']
2019-06-22,Amor Genuino,ozuna,26,-,11,92,,,,,"[u'latin', u'puerto rican pop', u'reggaeton', u'trap latino']",[u'trap latino']
2019-06-22,XanaX Damage,future,NA,,NA,98,,,,,"[u'atl hip hop', u'hip hop', u'pop rap', u'rap', u'southern hip hop', u'trap']",[u'trap']
2019-06-22,Government Official,future,NA,,NA,99,,,,,"[u'atl hip hop', u'hip hop', u'pop rap', u'rap', u'southern hip hop', u'trap']",[u'trap']
2019-06-29,When The Party's Over,billie eilish,36,46,17,45,,,,,"[u'electropop', u'pop']",[u'pop']
2019-06-29,Envy Me,calboy,27,44,11,47,,,,,"[u'chicago rap', u'melodic rap', u'rap', u'southern hip hop', u'trap']",[u'trap']
2019-06-29,Miss Me More,kelsea ballerini,73,78,18,70,,,,,"[u'contemporary country', u'pop']",[u'pop']
2019-06-29,Sanctuary,joji,50,80,10,80,,,,,"[u'alternative r&b', u'pop', u'viral pop']",[u'viral pop']
2019-06-29,Rescue Me,marshmello,26,-,11,92,,,,,"[u'brostep', u'progressive electro house']",[u'progressive electro house']
2019-06-29,Te Robare,nicky jam,91,-,4,94,,,,,"[u'latin', u'latin hip hop', u'reggaeton', u'tropical']",[u'tropical']
2019-06-29,Robbery,juice wrld,NA,,NA,98,,,,,"[u'chicago rap', u'melodic rap']",[u'melodic rap']
2019-06-29,Racks In The Middle,nipsey hussle,NA,,NA,99,,,,,"[u'conscious hip hop', u'gangster rap', u'hip hop', u'pop rap', u'rap', u'southern hip hop', u'trap']",[u'trap']
2019-07-06,"Break Up With Your Girlfriend, I'm Bored",ariana grande,53,54,7,49,,,,,"[u'dance pop', u'pop', u'post-teen pop']",[u'post-teen pop']
2019-07-06,Here With Me,marshmello,93,100,2,87,,,,,"[u'brostep', u'progressive electro house']",[u'progressive electro house']
2019-07-06,Love Someone,brett eldredge,65,93,12,88,,,,,"[u'contemporary country', u'country', u'country road', u'modern country rock']",[u'modern country rock']
2019-07-06,Big Ole Freak,megan thee stallion,91,-,4,94,,,,,"[u'houston rap', u'pop', u'pop rap', u'trap queen']",[u'trap queen']
2019-07-06,You Stay,dj khaled,NA,,NA,96,,,,,"[u'dance pop', u'hip hop', u'miami hip hop', u'pop', u'pop rap', u'rap', u'southern hip hop', u'trap']",[u'trap']
2019-07-06,Baila Baila Baila,ozuna,NA,,NA,97,,,,,"[u'latin', u'puerto rican pop', u'reggaeton', u'trap latino']",[u'trap latino']
2019-07-06,Omerta,drake,NA,,NA,99,,,,,"[u'canadian hip hop', u'canadian pop', u'hip hop', u'pop rap', u'rap', u'toronto rap']",[u'toronto rap']
2019-07-06,Summer Days,martin garrix,NA,,NA,100,,,,,"[u'big room', u'edm', u'pop', u'progressive house', u'tropical house']",[u'tropical house']
2019-07-13,Higher Love,kygo,48,64,6,63,,,,,"[u'edm', u'pop', u'tropical house']",[u'tropical house']
2019-07-13,Don't Check On Me,chris brown,5,-,6,67,,,,,"[u'dance pop', u'pop', u'pop rap', u'r&b', u'rap']",[u'rap']
2019-07-13,Homicide,logic,73,76,20,71,,,,,"[u'conscious hip hop', u'dmv rap', u'hip hop', u'pop rap', u'rap']",[u'rap']
2019-07-13,Please Me,cardi b,57,57,2,72,,,,,"[u'pop', u'pop rap', u'rap']",[u'rap']
2019-07-13,When I Grow Up,nf,85,85,5,78,,,,,"[u'hip hop', u'pop rap', u'rap']",[u'rap']
2019-07-13,Eyes On You,chase rice,93,93,3,88,,,,,"[u'contemporary country', u'country', u'country road', u'modern country rock', u'redneck']",[u'redneck']
2019-07-13,Wish Wish,dj khaled,NA,,NA,97,,,,,"[u'dance pop', u'hip hop', u'miami hip hop', u'pop', u'pop rap', u'rap', u'southern hip hop', u'trap']",[u'trap']
2019-07-13,Bacc At It Again,"yella beezy, gucci mane",NA,,NA,98,,,,,,unknown
2019-07-20,Eastside,"benny blanco, halsey",38,45,12,37,,,,,,unknown
2019-07-20,Look Back At It,a boogie wit da hoodie,48,50,11,46,,,,,"[u'melodic rap', u'pop rap', u'rap', u'trap']",[u'trap']
2019-07-20,Down Bad,dreamville,67,81,2,64,,,,,"[u'hip hop', u'rap']",[u'rap']
2019-07-20,Good As You,kane brown,74,86,3,71,,,,,"[u'contemporary country', u'country road']",[u'country road']
2019-07-20,Costa Rica,dreamville,57,76,3,75,,,,,"[u'hip hop', u'rap']",[u'rap']
2019-07-20,Out The Mud,lil baby,28,96,13,85,,,,,"[u'atl hip hop', u'atl trap', u'pop rap', u'rap', u'trap']",[u'trap']
2019-07-20,Girls Need Love,summer walker,65,65,2,90,,,,,"[u'pop', u'pop rap']",[u'pop rap']
2019-07-20,Mother's Daughter,miley cyrus,20,92,3,92,,,,,"[u'dance pop', u'pop', u'post-teen pop']",[u'post-teen pop']
2019-07-20,MEGATRON,nicki minaj,NA,,NA,97,,,,,"[u'dance pop', u'hip pop', u'pop', u'pop rap', u'post-teen pop', u'queens hip hop', u'rap']",[u'rap']
2019-07-20,Ocean Eyes,billie eilish,NA,,NA,99,,,,,"[u'electropop', u'pop']",[u'pop']
2019-07-27,Old Town Road,lil nas x,1,1,20,1,,,,,"[u'country rap', u'lgbtq+ hip hop', u'pop rap']",[u'pop rap']
2019-07-27,Bad Guy,billie eilish,2,2,16,2,,,,,"[u'electropop', u'pop']",[u'pop']
2019-07-27,I Don't Care,ed sheeran,2,6,10,3,,,,,"[u'pop', u'uk pop']",[u'uk pop']
2019-07-27,Senorita,shawn mendes,2,5,4,4,,,,,"[u'canadian pop', u'pop', u'post-teen pop', u'viral pop']",[u'viral pop']
2019-07-27,Talk,khalid,3,4,23,5,,,,,"[u'alternative r&b', u'pop']",[u'pop']
2019-07-27,Truth Hurts,lizzo,6,7,11,6,,,,,"[u'escape room', u'minnesota hip hop', u'pop', u'pop rap', u'trap queen']",[u'trap queen']
2019-07-27,Goodbyes,post malone,3,3,2,7,,,,,"[u'dfw rap', u'melodic rap', u'rap']",[u'rap']
2019-07-27,Sucker,jonas brothers,1,8,20,8,,,,,"[u'boy band', u'dance pop', u'pop', u'pop rock', u'post-teen pop']",[u'post-teen pop']
2019-07-27,Sunflower (Spider-Man: Into The Spider-Verse),post malone,1,9,39,9,,,,,"[u'dfw rap', u'melodic rap', u'rap']",[u'rap']
2019-07-27,No Guidance,chris brown,9,12,6,10,,,,,"[u'dance pop', u'pop', u'pop rap', u'r&b', u'rap']",[u'rap']
2019-07-27,Suge,dababy,7,10,16,11,,,,,"[u'nc hip hop', u'rap']",[u'rap']
2019-07-27,Money In The Grave,drake,7,11,5,12,,,,,"[u'canadian hip hop', u'canadian pop', u'hip hop', u'pop rap', u'rap', u'toronto rap']",[u'toronto rap']
2019-07-27,If I Can't Have You,shawn mendes,2,14,11,13,,,,,"[u'canadian pop', u'pop', u'post-teen pop', u'viral pop']",[u'viral pop']
2019-07-27,Wow.,post malone,2,13,30,14,,,,,"[u'dfw rap', u'melodic rap', u'rap']",[u'rap']
2019-07-27,You Need To Calm Down,taylor swift,2,16,5,15,,,,,"[u'pop', u'post-teen pop']",[u'post-teen pop']
2019-07-27,"Hey Look Ma, I Made It",panic! at the disco,16,18,14,16,,,,,"[u'baroque pop', u'emo', u'modern rock']",[u'modern rock']
2019-07-27,Dancing With A Stranger,sam smith,7,15,27,17,,,,,"[u'pop', u'uk pop']",[u'uk pop']
2019-07-27,The Git Up,blanco brown,16,19,6,18,,,,,[u'country rap'],[u'country rap']
2019-07-27,Beautiful People,ed sheeran,19,40,3,19,,,,,"[u'pop', u'uk pop']",[u'uk pop']
2019-07-27,God's Country,blake shelton,17,17,16,20,,,,,"[u'contemporary country', u'country', u'country road', u'oklahoma country']",[u'oklahoma country']
2019-07-27,Without Me,halsey,1,20,41,21,,,,,"[u'dance pop', u'electropop', u'etherpop', u'indie poptimism', u'pop', u'post-teen pop']",[u'post-teen pop']
2019-07-27,Pop Out,polo g,11,21,17,22,,,,,[u'chicago rap'],[u'chicago rap']
2019-07-27,Ran$om,lil tecca,23,26,7,23,,,,,[u'melodic rap'],[u'melodic rap']
2019-07-27,Beer Never Broke My Heart,luke combs,22,23,11,24,,,,,[u'contemporary country'],[u'contemporary country']
2019-07-27,Cross Me,ed sheeran,25,41,8,25,,,,,"[u'pop', u'uk pop']",[u'uk pop']
2019-07-27,Someone You Loved,lewis capaldi,26,36,10,26,,,,,"[u'pop', u'uk pop']",[u'uk pop']
2019-07-27,Happier,marshmello,2,22,48,27,,,,,"[u'brostep', u'progressive electro house']",[u'progressive electro house']
2019-07-27,The London,"young thug, j. cole",12,29,8,28,,,,,,unknown
2019-07-27,Panini,lil nas x,16,27,4,29,,,,,"[u'country rap', u'lgbtq+ hip hop', u'pop rap']",[u'pop rap']
2019-07-27,7 Rings,ariana grande,1,24,26,30,,,,,"[u'dance pop', u'pop', u'post-teen pop']",[u'post-teen pop']
2019-07-27,Sweet But Psycho,ava max,10,25,31,31,,,,,"[u'dance pop', u'pop', u'post-teen pop']",[u'post-teen pop']
2019-07-27,Never Really Over,katy perry,15,31,7,32,,,,,"[u'dance pop', u'pop', u'post-teen pop']",[u'post-teen pop']
2019-07-27,Whiskey Glasses,morgan wallen,17,28,20,33,,,,,"[u'contemporary country', u'country road', u'deep talent show']",[u'deep talent show']
2019-07-27,Speechless,dan + shay,24,34,30,34,,,,,"[u'contemporary country', u'pop']",[u'pop']
2019-07-27,High Hopes,panic! at the disco,4,33,50,35,,,,,"[u'baroque pop', u'emo', u'modern rock']",[u'modern rock']
2019-07-27,Shotta Flow,nle choppa,36,38,13,36,,,,,[u'memphis hip hop'],[u'memphis hip hop']
2019-07-27,Antisocial,ed sheeran,26,30,20,37,,,,,"[u'pop', u'uk pop']",[u'uk pop']
2019-07-27,Act Up,city girls,25,35,19,38,,,,,"[u'pop', u'pop rap', u'trap queen']",[u'trap queen']
2019-07-27,Rumor,lee brice,4,32,26,39,,,,,"[u'contemporary country', u'country', u'country road', u'modern country rock']",[u'modern country rock']
2019-07-27,Middle Child,j. cole,41,48,12,40,,,,,"[u'conscious hip hop', u'hip hop', u'nc hip hop', u'pop rap', u'rap']",[u'rap']
2019-07-27,Knockin' Boots,luke bryan,6,42,33,41,,,,,"[u'contemporary country', u'country', u'country road']",[u'country road']
2019-07-27,Going Bad,meek mill,43,49,8,42,,,,,"[u'hip hop', u'philly rap', u'pop rap', u'rap', u'southern hip hop', u'trap']",[u'trap']
2019-07-27,Some Of It,eric church,8,47,44,43,,,,,"[u'contemporary country', u'country', u'country road', u'modern country rock']",[u'modern country rock']
2019-07-27,Better,khalid,23,39,25,44,,,,,"[u'alternative r&b', u'pop']",[u'pop']
2019-07-27,Pure Water,mustard,22,43,24,45,,,,,"[u'cali rap', u'pop rap', u'rap', u'southern hip hop', u'trap']",[u'trap']
2019-07-27,Con Calma,daddy yankee,47,67,3,46,,,,,"[u'latin', u'latin hip hop', u'reggaeton', u'tropical']",[u'tropical']
2019-07-27,My Type,saweetie,1,45,42,47,,,,,"[u'cali rap', u'pop', u'pop rap', u'trap queen']",[u'trap queen']
2019-07-27,Shallow,lady gaga,1,50,50,48,,,,,"[u'dance pop', u'pop']",[u'pop']
2019-07-27,Sicko Mode,travis scott,39,62,15,49,,,,,[u'rap'],[u'rap']
2019-07-27,Clout,offset,51,57,11,50,,,,,"[u'atl hip hop', u'hip hop', u'pop rap', u'rap', u'southern hip hop', u'trap']",[u'trap']
2019-07-27,All To Myself,dan + shay,52,59,20,51,,,,,"[u'contemporary country', u'pop']",[u'pop']
2019-07-27,GIRL,maren morris,49,53,11,52,,,,,"[u'contemporary country', u'pop', u'texas country']",[u'texas country']
2019-07-27,South Of The Border,ed sheeran,2,52,13,53,,,,,"[u'pop', u'uk pop']",[u'uk pop']
2019-07-27,Go Loko,"yg, tyga",43,56,9,54,,,,,,unknown
2019-07-27,ME!,taylor swift,52,61,22,55,,,,,"[u'pop', u'post-teen pop']",[u'post-teen pop']
2019-07-27,Just Us,dj khaled,15,54,9,56,,,,,"[u'dance pop', u'hip hop', u'miami hip hop', u'pop', u'pop rap', u'rap', u'southern hip hop', u'trap']",[u'trap']
2019-07-27,Remember The Name,ed sheeran,22,51,4,57,,,,,"[u'pop', u'uk pop']",[u'uk pop']
2019-07-27,Worth It,yk osiris,61,74,4,58,,,,,"[u'deep pop r&b', u'melodic rap', u'pop rap', u'trap']",[u'trap']
2019-07-27,Nightmare,halsey,62,69,8,59,,,,,"[u'dance pop', u'electropop', u'etherpop', u'indie poptimism', u'pop', u'post-teen pop']",[u'post-teen pop']
2019-07-27,Rodeo,lil nas x,48,66,8,60,,,,,"[u'country rap', u'lgbtq+ hip hop', u'pop rap']",[u'pop rap']
2019-07-27,Cash Shit,megan thee stallion,16,58,7,61,,,,,"[u'houston rap', u'pop', u'pop rap', u'trap queen']",[u'trap queen']
2019-07-27,Rearview Town,jason aldean,13,55,9,62,,,,,"[u'contemporary country', u'country', u'country road']",[u'country road']
2019-07-27,Easier,5 seconds of summer,44,44,2,63,,,,,"[u'boy band', u'dance pop', u'pop', u'post-teen pop']",[u'post-teen pop']
2019-07-27,Press,cardi b,67,73,6,64,,,,,"[u'pop', u'pop rap', u'rap']",[u'rap']
2019-07-27,Earfquake,"tyler, the creator",67,72,7,65,,,,,"[u'hip hop', u'rap']",[u'rap']
2019-07-27,Under The Sun,dreamville,49,70,20,66,,,,,"[u'hip hop', u'rap']",[u'rap']
2019-07-27,Callaita,bad bunny,70,77,22,67,,,,,"[u'latin', u'reggaeton', u'trap latino']",[u'trap latino']
2019-07-27,Call You Mine,the chainsmokers,32,65,20,68,,,,,"[u'electropop', u'pop', u'tropical house']",[u'tropical house']
2019-07-27,Walk Me Home,p!nk,72,78,7,69,,,,,"[u'dance pop', u'pop', u'post-teen pop']",[u'post-teen pop']
2019-07-27,Talk You Out Of It,florida georgia line,60,60,2,70,,,,,"[u'contemporary country', u'country', u'country pop', u'country road', u'modern country rock']",[u'modern country rock']
2019-07-27,Look What God Gave Her,thomas rhett,70,76,5,71,,,,,"[u'contemporary country', u'country', u'country road', u'modern country rock']",[u'modern country rock']
2019-07-27,Trampoline,shaed,27,63,15,72,,,,,"[u'electropop', u'pop']",[u'pop']
2019-07-27,BLOW,ed sheeran,68,68,3,73,,,,,"[u'pop', u'uk pop']",[u'uk pop']
2019-07-27,It's You,ali gatie,77,84,5,74,,,,,"[u'canadian hip hop', u'pop']",[u'pop']
2019-07-27,Cool,jonas brothers,78,80,7,75,,,,,"[u'boy band', u'dance pop', u'pop', u'pop rock', u'post-teen pop']",[u'post-teen pop']
2019-07-27,Lalala,y2k,79,81,7,76,,,,,[u'pop rap'],[u'pop rap']
2019-07-27,The Ones That Didn't Make It Back Home,justin moore,73,82,10,77,,,,,"[u'arkansas country', u'contemporary country', u'country', u'country road', u'modern country rock', u'redneck']",[u'redneck']
2019-07-27,Raised On Country,chris young,54,83,15,78,,,,,"[u'contemporary country', u'country', u'country road', u'modern country rock']",[u'modern country rock']
2019-07-27,La La Land,bryce vine,57,79,4,79,,,,,"[u'pop', u'pop rap']",[u'pop rap']
2019-07-27,Soltera,"lunay, daddy yankee",81,91,6,80,,,,,,unknown
2019-07-27,24/7,meek mill,65,87,13,81,,,,,"[u'hip hop', u'philly rap', u'pop rap', u'rap', u'southern hip hop', u'trap']",[u'trap']
2019-07-27,One Thing Right,marshmello,71,86,18,82,,,,,"[u'brostep', u'progressive electro house']",[u'progressive electro house']
2019-07-27,Tip Of My Tongue,kenny chesney,87,100,5,83,,,,,"[u'contemporary country', u'country', u'country road']",[u'country road']
2019-07-27,Otro Trago,sech,88,95,2,84,,,,,"[u'panamanian pop', u'reggaeton']",[u'reggaeton']
2019-07-27,Before I Let Go,beyonce,91,98,2,85,,,,,"[u'dance pop', u'pop', u'r&b']",[u'r&b']
2019-07-27,Calma,pedro capo,89,96,6,86,,,,,"[u'latin', u'latin pop', u'puerto rican pop']",[u'puerto rican pop']
2019-07-27,Only Human,jonas brothers,50,88,14,87,,,,,"[u'boy band', u'dance pop', u'pop', u'pop rock', u'post-teen pop']",[u'post-teen pop']
2019-07-27,No Me Conoce,"jhay cortez, j balvin",28,89,14,88,,,,,,unknown
2019-07-27,Baguettes In The Face,mustard,65,94,3,89,,,,,"[u'cali rap', u'pop rap', u'rap', u'southern hip hop', u'trap']",[u'trap']
2019-07-27,Like A Rodeo,kane brown,30,93,7,90,,,,,"[u'contemporary country', u'country road']",[u'country road']
2019-07-27,I Don't Know About You,chris lane,NA,,NA,91,,,,,[u'contemporary country'],[u'contemporary country']
2019-07-27,Time,nf,NA,,NA,92,,,,,"[u'hip hop', u'pop rap', u'rap']",[u'rap']
2019-07-27,Tap,nav,NA,,NA,93,,,,,"[u'canadian hip hop', u'melodic rap', u'pop rap', u'rap', u'toronto rap', u'trap']",[u'trap']
2019-07-27,Love Ain't,eli young band,NA,,NA,94,,,,,"[u'contemporary country', u'country', u'country road', u'heartland rock', u'modern country rock', u'texas country']",[u'texas country']
2019-07-27,Sanguine Paradise,lil uzi vert,NA,,NA,95,,,,,"[u'melodic rap', u'philly rap', u'pop rap', u'rap', u'trap']",[u'trap']
2019-07-27,Southbound,carrie underwood,NA,,NA,96,,,,,"[u'contemporary country', u'country', u'country dawn', u'dance pop', u'oklahoma country', u'pop', u'post-teen pop']",[u'post-teen pop']
2019-07-27,Que Pretendes,j balvin,NA,,NA,97,,,,,"[u'latin', u'reggaeton']",[u'reggaeton']
2019-07-27,Spirit,beyonce,NA,,NA,98,,,,,"[u'dance pop', u'pop', u'r&b']",[u'r&b']
2019-07-27,Best Part Of Me,ed sheeran,NA,,NA,99,,,,,"[u'pop', u'uk pop']",[u'uk pop']
2019-07-27,Wake Up,travis scott,NA,,NA,100,,,,,[u'rap'],[u'rap']
